Sentimiento;Sentiment;Recomendacion
tranquilo;peaceful;Dedica unos minutos a una actividad que potencie esta serenidad, como leer un libro que disfrutes o escuchar música suave. Permítete sumergirte en esta experiencia sin prisas, dejando que la tranquilidad fluya en ti.
tranquilo;peaceful;Aprovecha esta calma para practicar una meditación breve. Observa cómo te sientes en este momento y agradece por este estado. Siéntete libre de desconectar de todo y sumergirte en este instante presente.
tranquilo;peaceful;Aprovecha este estado de calma para reconectar contigo mismo. Intenta sentarte en un lugar tranquilo, respira profundamente y reflexiona sobre tus logros y lo que deseas alcanzar. Tomarte un momento para contemplar lo que has hecho hasta ahora puede traerte una gran sensación de paz.
enojado;mad;Es normal sentirse enojado: este sentimiento puede ser una señal de que algo necesita cambiar. Tómate un momento para respirar y reflexionar sobre qué ha desencadenado este enojo. Si lo deseas, escribe en un papel lo que sientes para canalizar la emoción de una manera saludable.
enojado;mad;Prueba hacer ejercicio físico, como salir a correr o realizar una caminata rápida. La actividad física ayuda a liberar tensiones acumuladas, brindándote una sensación de alivio y claridad para enfrentar la situación con una perspectiva más calmada.
enojado;mad;Date un momento para cuidar de ti mismo: haz una pausa para beber agua o dar un pequeño paseo. Recuerda que es importante reconocer y aceptar tus emociones sin juzgarte, dándote permiso para sentir lo que sientes.
empoderado;powerful;Estás en un estado ideal para tomar decisiones y plantear nuevos objetivos. Dedica unos minutos a escribir tus metas y define pequeños pasos que puedas comenzar a trabajar. Este es el momento perfecto para avanzar hacia aquello que deseas.
empoderado;powerful;Realiza una actividad que te desafíe o te permita desarrollar nuevas habilidades. Participar en experiencias de aprendizaje o asumir un nuevo reto puede ayudarte a mantener este sentido de control y autoconfianza.
empoderado;powerful;Utiliza este impulso para ayudar a alguien más. Cuando compartes tus conocimientos y experiencias, no solo inspiras a los demás, sino que también reafirmas tu propio sentido de empoderamiento. ¿Hay alguien a quien puedas apoyar o inspirar hoy?
empoderado;powerful;Prueba hacer ejercicio de alta intensidad para seguir potenciando la energia fisica y mental.
empoderado;powerful;Reflexionar sobre tus logros recientes y planificar como puedes seguir avanzando hacia tus objetivos a largo plazo.
triste;sad;Llora. Aunque a veces no nos guste llorar o demostrar lo que sentimos, tienes derecho a sentirte triste y debemos normalizar el llorar por lo que nos importa y lo que nos lastima, mediante el llanto logramos canalizar muchos de estos sentimientos.
triste;sad;La tristeza es una emoción humana que a menudo es necesaria para sanar. Permítete sentirla sin juzgarla. Tal vez puedas escribir sobre lo que sientes, dejándote expresar sin miedo. A veces, plasmar nuestros pensamientos en un papel ayuda a aclarar lo que está pasando en nuestra mente.
triste;sad;Hablar con alguien cercano sobre lo que sientes puede ser muy liberador. No tienes que lidiar solo con la tristeza: compartir tus emociones con un amigo o familiar puede darte una perspectiva nueva y ofrecerte un espacio seguro para abrirte.
triste;sad;Encuentra actividades como pintar, tocar un instrumento, algun deporte que te ayuden a mantenerte presente. 
triste;sad;Escucha musica reconfortante o que te conecte con tus emociones. La musica puede ser una forma de procesar los sentimientos. 
triste;sad;Si te sientes con la energia, realiza una actividad suave como caminar o hacer yoga. El movimiento puede mejorar el estado de animo. 
triste;sad;Escribe en un diario sobre lo que te hace sentir triste. La escritura expresiva puede ayudar a aclarar tus pensamientos y emociones. 
triste;sad;Realiza una actividad que te haga sentir presente, como pintar, tocar un instrumento, o incluso simplemente caminar en la naturaleza. A veces, el simple hecho de movernos o hacer algo con nuestras manos nos ayuda a despejar la mente y ver las cosas desde una perspectiva más ligera.
alegre;joyful;Comparte tu felicidad con alguien cercano; una llamada o mensaje pueden hacer su día y fortalecer sus lazos. También puedes aprovechar este momento para planear algo divertido o diferente, como una actividad o viaje que te entusiasme y te permita prolongar esa sensación de alegría.
alegre;joyful;Realiza una actividad creativa como pintar, escribir o cocinar algo que te guste. 
alegre;joyful;Usa esta energía positiva para avanzar en alguna meta personal. Aprovecha este estado de ánimo para plantearte algún objetivo que te inspire, incluso algo sencillo como aprender una nueva habilidad o finalizar una tarea pendiente.
alegre;joyful;Es un gran momento para disfrutar y agradecer lo que tienes. Haz una lista de las cosas que te hacen feliz y dedica unos minutos a reflexionar sobre ellas. Practicar la gratitud ayuda a enraizar la felicidad y nos recuerda la belleza de lo que nos rodea.
alegre;joyful;Sal a caminar al aire libre o haz ejercicio, lo cual puede intensificar la sensacion de bienestar. 
alegre;joyful;Planea un corto viaje o una salida que te entusiasme, para seguir cultivando esa emocion en el futuro. 
alegre;joyful;Comparte la felicidad haciendo un acto de bondad para alguien mas, como ayudar a un amigo o colaborar en una actividad benefica. 
asustado;scared;Es normal sentir miedo a veces. Intenta regular tu respiración para disminuir la ansiedad: inhala profundamente durante tres segundos, exhala durante cinco, y repite. Recuerda que esta sensación es temporal y que tu respiración puede ayudarte a calmar el sistema nervioso.
asustado;scared;Si te sientes abrumado, busca un espacio seguro donde puedas sentarte y relajarte un momento. Puedes llamar a una línea de apoyo si necesitas hablar con alguien, o incluso simplemente recordar que no estás solo en lo que sientes.
asustado;scared;Es posible que quieras practicar una técnica de visualización positiva: imagina un lugar en el que te sientas en paz y seguro. Permítete permanecer en ese lugar mentalmente durante unos minutos, dejando que la calma entre en ti.
